periodico,titulo,enlace,categoria,fecha_extraccion
El Tiempo,"Lotería de Cundinamarca: resultados del último sorteo del lunes 1 de diciembre, conozca los números ganadores",https://www.eltiempo.com/economia/finanzas-personales/loteria-de-cundinamarca-resultados-del-ultimo-sorteo-del-lunes-1-de-diciembre-conozca-los-numeros-ganadores-3513459,General,2025-12-01 21:12:17
El Tiempo,La Nasa ejecuta una compleja maniobra para impedir que un observatorio espacial termine desviándose y cayendo hacia la Tierra,https://www.eltiempo.com/vida/ciencia/la-nasa-ejecuta-una-compleja-maniobra-para-impedir-que-un-observatorio-espacial-termine-desviandose-y-cayendo-hacia-la-tierra-3513460,General,2025-12-01 21:12:17
El Tiempo,Atlético Nacional está a punto de cerrar un amistoso contra el Inter Miami de Lionel Messi en el Atanasio Girardot: esto es lo que se sabe,https://www.eltiempo.com/deportes/futbol-internacional/atletico-nacional-esta-a-punto-de-cerrar-un-amistoso-contra-el-inter-miami-de-lionel-messi-en-el-atanasio-girardot-esto-es-lo-que-se-sabe-3513455,General,2025-12-01 21:12:17
El Tiempo,Las 5 duras frases de la Fiscalía contra los exministros Luis F. Velasco y Ricardo Bonilla por el escándalo de la UNGRD,https://www.eltiempo.com/justicia/delitos/las-5-duras-frases-de-la-fiscalia-contra-los-exministros-luis-f-velasco-y-ricardo-bonilla-por-el-escandalo-de-la-ungrd-3513456,General,2025-12-01 21:12:17
El Tiempo,Lotería del Tolima: estos son los números ganadores del lunes 1 de diciembre del 2025,https://www.eltiempo.com/economia/finanzas-personales/loteria-del-tolima-estos-son-los-numeros-ganadores-del-lunes-1-de-diciembre-del-2025-3513457,General,2025-12-01 21:12:17
El Tiempo,Taller clandestino con explosivos y partes de fusil funcionaba en un apartamento en el norte de Bogotá: así fue desmantelado,https://www.eltiempo.com/bogota/taller-clandestino-con-explosivos-partes-de-fusil-funcionaba-en-un-apartamento-en-el-norte-de-bogota-asi-fue-desmantelado-3513453,General,2025-12-01 21:12:17
El Tiempo,Revelan detalles de la llamada entre Nicolás Maduro y Donald Trump: jefe del régimen dijo estar dispuesto a salir de Venezuela con amnistía completa,https://www.eltiempo.com/mundo/venezuela/revelan-detalles-de-la-llamada-entre-nicolas-maduro-y-donald-trump-lider-del-regimen-dijo-estar-dispuesto-a-abandonar-venezuela-con-amnistia-completa-3513452,General,2025-12-01 21:12:17
El Tiempo,Descubre cómo personas con discapacidad visual disfrutan del avistamiento de aves en Cali,https://www.eltiempo.com/colombia/cali/personas-con-discapacidad-visual-disfrutan-del-avistamiento-de-aves-en-cali-3513451,General,2025-12-01 21:12:17
El Tiempo,"Abogado de la familia de María Camila Mora, subteniente asesinada en el Cantón Norte en Bogotá, revela detalles del crimen: habló sobre testigo",https://www.eltiempo.com/bogota/abogado-de-la-familia-de-maria-camila-mora-subteniente-asesinada-en-el-canton-norte-en-bogota-revela-nuevos-detalles-del-caso-no-es-cierto-3513415,General,2025-12-01 21:12:17
El Tiempo,"Medellín y América, sin margen de error, se enfrentan en el Atanasio Girardot, en los cuadrangulares: minuto a minuto",https://www.eltiempo.com/deportes/futbol-colombiano/medellin-y-america-sin-margen-de-error-se-enfrentan-en-el-atanasio-girardot-en-los-cuadrangulares-minuto-a-minuto-3513447,General,2025-12-01 21:12:17
El Tiempo,Aerocivil asegura que Colombia alcanzará mañana el 98% de reacomodación en vuelos nacionales por la actualización de Airbus,https://www.eltiempo.com/economia/sectores/aerocivil-asegura-que-colombia-alcanzara-manana-el-98-de-reacomodacion-en-vuelos-nacionales-por-la-actualizacion-de-airbus-3513446,General,2025-12-01 21:12:17
El Tiempo,El panorama que afrontarían las finanzas públicas de Colombia si se hunde la reforma tributaria,https://www.eltiempo.com/economia/sectores/el-panorama-de-las-finanzas-publicas-del-2026-si-se-hunde-la-reforma-tributaria-3512811,General,2025-12-01 21:12:17
El Tiempo,"Ruta de la Moda 2025 se tomó Buenaventura, Valle del Cauca: el evento cerró en Cartagena con los Premios al Talento y la Moda; lo que se sabe",https://www.eltiempo.com/colombia/cali/ruta-de-la-moda-2025-se-tomo-buenaventura-valle-del-cauca-el-evento-cerro-en-cartagena-con-los-premios-al-talento-y-la-moda-lo-que-se-sabe-3513440,General,2025-12-01 21:12:17
El Tiempo,Estados Unidos autorizó exportación de huevo con cáscara desde Colombia para procesamiento industrial,https://www.eltiempo.com/economia/sectores/estados-unidos-autorizo-exportacion-de-huevo-con-cascara-desde-colombia-para-procesamiento-industrial-3513444,General,2025-12-01 21:12:17
El Tiempo,"Cúcuta Deportivo busca la remontada para ascender y Real Cundinamarca, sostener la ventaja para jugar la repesca; Patriotas espera el milagro",https://www.eltiempo.com/deportes/futbol-colombiano/cucuta-deportivo-busca-la-remontada-para-ascender-y-real-cundinamarca-sostener-la-ventaja-para-jugar-la-repesca-patriotas-espera-el-milagro-3513437,General,2025-12-01 21:12:17
El Tiempo,De hobby callejero a disciplina olímpica: escenas del 'skateboarding' en Colombia | El Tiempo,https://www.eltiempo.com/deportes/ciclo-olimpico/de-hobby-callejero-a-disciplina-olimpica-escenas-del-skateboarding-en-colombia-el-tiempo-3513442,General,2025-12-01 21:12:17
El Tiempo,AHF inaugura Centros de Atención Gratuita de ITS en Cúcuta y Maicao para reforzar la respuesta contra el VIH en Colombia: ofrecen pruebas gratis,https://www.eltiempo.com/salud/ahf-inaugura-centros-de-atencion-gratuita-de-its-en-cucuta-y-maicao-para-reforzar-la-respuesta-contra-el-vih-en-colombia-ofrecen-pruebas-gratis-3513439,General,2025-12-01 21:12:17
El Tiempo,Argentina y Estados Unidos firman acuerdo para fortalecer la lucha contra el crimen organizado y el narcotráfico,https://www.eltiempo.com/mundo/latinoamerica/argentina-y-estados-unidos-firman-acuerdo-para-fortalecer-la-lucha-contra-el-crimen-organizado-y-el-narcotrafico-3513436,General,2025-12-01 21:12:17
El Tiempo,Incautan 189 botellas de licor de contrabando en Barranquilla: ya son cerca de 2.600 decomisadas este año y autoridades instan a evitar riesgos,https://www.eltiempo.com/colombia/barranquilla/incautan-189-botellas-de-licor-de-contrabando-en-barranquilla-ya-son-cerca-de-2-600-decomisadas-este-ano-y-autoridades-instan-a-evitar-riesgos-3513429,General,2025-12-01 21:12:17
El Tiempo,Alquería recibe reconocimiento del gobierno alemán por su avance en empaques sostenibles y fortalecimiento del reciclaje en Colombia,https://www.eltiempo.com/vida/medio-ambiente/alqueria-recibe-reconocimiento-del-gobierno-aleman-por-su-avance-en-empaques-sostenibles-y-fortalecimiento-del-reciclaje-en-colombia-3513435,General,2025-12-01 21:12:17
El Tiempo,Arranca debate del salario mínimo en Colombia 2026 con el Gobierno defendiendo su ruta y Fenalco retirándose por el anuncio anticipado del alza,https://www.eltiempo.com/economia/sectores/arranca-debate-del-salario-minimo-2026-con-el-gobierno-defendiendo-su-ruta-y-fenalco-retirandose-por-el-anuncio-anticipado-del-alza-3513370,General,2025-12-01 21:12:17
El Tiempo,"Los ecos de la encuesta de Invamer, liderada por Iván Cepeda, Abelardo de la Espriella y Sergio Fajardo, que sacudió la campaña presidencial",https://www.eltiempo.com/politica/elecciones-colombia-2026/los-ecos-de-la-encuesta-de-invamer-liderada-por-ivan-cepeda-abelardo-de-la-espriella-y-sergio-fajardo-que-sacudio-la-campana-presidencia-3513428,General,2025-12-01 21:12:17
El Tiempo,"Malpensante estrenó su nueva edición de moda, arquitectura, diseño y artesanía: la muestra estará disponible al público hasta el 5 de diciembre",https://www.eltiempo.com/cultura/gente/malpensante-estreno-su-nueva-edicion-de-moda-arquitectura-diseno-y-artesania-la-exhibicion-esta-disponible-al-publico-hasta-el-5-de-diciembre-3513431,General,2025-12-01 21:12:17
El Tiempo,"Así fue la salida del país de los integrantes de la secta judía Lev Tahor, expulsada de Colombia cuando pretendía instalarse en Yarumal, Antioquia",https://www.eltiempo.com/colombia/medellin/expulsan-de-colombia-a-integrantes-de-la-secta-judia-lev-tahor-que-estaban-en-yarumal-antioquia-y-los-entregaron-a-autoridades-de-estados-unidos-3513432,General,2025-12-01 21:12:17
El Tiempo,"Mujeres, en el centro silencioso de la epidemia del VIH: Profamilia pide respuestas urgentes y con enfoque de género",https://www.eltiempo.com/salud/mujeres-en-el-centro-silencioso-de-la-epidemia-del-vih-profamilia-pide-respuestas-urgentes-y-con-enfoque-de-genero-3513433,General,2025-12-01 21:12:17
El Tiempo,Unimagdalena entrega a los Koguis 17 piezas arqueológicas extraídas hace décadas de Pueblito en la Sierra Nevada de Santa Marta,https://www.eltiempo.com/colombia/otras-ciudades/unimagdalena-entrega-a-los-koguis-17-piezas-arqueologicas-extraidas-hace-decadas-de-pueblito-en-la-sierra-nevada-3513425,General,2025-12-01 21:12:17
El Tiempo,"‘Si la empresa Saab incurre en algún tema de corrupción, pierde licencias’, advirtió el ministro de Defensa",https://www.eltiempo.com/justicia/conflicto-y-narcotrafico/si-la-empresa-saab-incurre-en-algun-tema-de-corrupcion-pierde-licencias-advirtio-el-ministro-de-defensa-3513430,General,2025-12-01 21:12:17
El Tiempo,Ciencia,https://www.eltiempo.com/vida/ciencia,General,2025-12-01 21:12:17
El Tiempo,"Cinco megatendencias tecnológicas transformarán a clínicas y hospitales en 2026 en un mercado que crecerá 10,6 %",https://www.eltiempo.com/salud/cinco-megatendencias-tecnologicas-transformaran-a-clinicas-y-hospitales-en-2026-en-un-mercado-que-crecera-10-6-3513427,General,2025-12-01 21:12:19
El Tiempo,Armando Benedetti aseguró que la sanción del CNE a campaña de Gustavo Petro podría anularse por 'vicios de trámite',https://www.eltiempo.com/politica/armando-benedetti-aseguro-que-sancion-del-cne-a-campana-de-gustavo-petro-podria-quedar-anulada-por-vicios-de-tramite-3513424,General,2025-12-01 21:12:19
El Tiempo,El monumento más antiguo y grande de la zona maya revela nueva información sobre cómo los primeros mayas entendían el universo,https://www.eltiempo.com/vida/ciencia/el-monumento-mas-antiguo-y-grande-de-la-zona-maya-redefine-el-origen-de-esta-civilizacion-3513416,General,2025-12-01 21:12:19
El Tiempo,Adoptar un perro o gato durante las fiestas decembrinas: Bogotá y Cundinamarca lanzan campaña para proteger animales en Navidad,https://www.eltiempo.com/bogota/adoptar-un-perro-o-gato-durante-las-fiestas-decembrinas-bogota-y-cundinamarca-lanzan-campana-para-proteger-animales-en-navidad-3513421,General,2025-12-01 21:12:19
El Tiempo,Volvería la rumba en Bogotá hasta las 5 a. m.: estas son las zonas en las que la fiesta extiende sus horarios,https://www.eltiempo.com/bogota/volveria-la-rumba-en-bogota-hasta-las-5-a-m-estas-son-las-zonas-en-las-que-la-fiesta-extiende-sus-horarios-3513422,General,2025-12-01 21:12:19
El Tiempo,"Se encendió el alumbrado navideño de Pasto: artesanos dieron forma a más de 100 figuras en una senda de luz, con una inversión de $ 1.500 millones",https://www.eltiempo.com/colombia/cali/se-encendio-el-alumbrado-navideno-de-pasto-artesanos-dieron-forma-a-mas-de-100-figuras-en-una-senda-de-luz-con-una-inversion-de-1-500-millones-3513419,General,2025-12-01 21:12:19
El Tiempo,Navidad segura: lanzan campaña para frenar siniestros viales en el mes más letal del año,https://www.eltiempo.com/salud/navidad-segura-lanzan-campana-para-frenar-siniestros-viales-en-el-mes-mas-letal-del-ano-3513423,General,2025-12-01 21:12:19
El Tiempo,La bodega con decoraciones de Navidad desde los $1.000 pesos en Bogotá,https://www.eltiempo.com/cultura/gente/la-bodega-con-decoracion-de-navidad-desde-los-1000-en-bogota-3513366,General,2025-12-01 21:12:19
El Tiempo,Los cinco factores que podría convertir a Colombia en una potencia latinoamericana en investigación clínica,https://www.eltiempo.com/salud/los-cinco-factores-que-podria-convertir-a-colombia-en-una-potencia-latinoamericana-en-investigacion-clinica-3513414,General,2025-12-01 21:12:19
El Tiempo,"Quemaduras, traumas y consultas pediátricas: esas son las urgencias que más se atienden en Medellín durante la temporada decembrina",https://www.eltiempo.com/colombia/medellin/quemaduras-traumas-y-consultas-pediatricas-esas-son-las-urgencias-que-mas-se-atienden-en-medellin-durante-la-temporada-decembrina-3513400,General,2025-12-01 21:12:19
El Tiempo,Adicción al ejercicio: estos son los síntomas de alerta de este trastorno mental,https://www.eltiempo.com/cultura/gente/adiccion-al-ejercicio-estos-son-los-sintomas-de-alerta-de-este-trastorno-mental-3513399,General,2025-12-01 21:12:19
El Tiempo,"Donald Trump reúne a su Consejo de Seguridad Nacional para discutir sobre Venezuela, en medio de la tensión por el despliegue de EE. UU.",https://www.eltiempo.com/mundo/venezuela/donald-trump-reune-a-su-consejo-de-seguridad-nacional-para-discutir-sobre-venezuela-en-medio-de-la-tension-por-el-despliegue-de-ee-uu-3513412,General,2025-12-01 21:12:19
El Tiempo,"'El mal de Aira', novela del colombiano Andrés Restrepo Gómez, gana premio de literatura en Oviedo, España",https://www.eltiempo.com/cultura/musica-y-libros/el-mal-de-aira-novela-del-colombiano-andres-restrepo-gomez-gana-premio-de-literatura-en-oviedo-espana-3513410,General,2025-12-01 21:12:19
El Tiempo,"Luego de 6 años, Huawei volverá a la Argentina: estos son los dispositivos que estarán disponibles en el país",https://www.eltiempo.com/tecnosfera/novedades-tecnologia/luego-de-6-anos-huawei-volvera-a-la-argentina-estos-son-los-dispositivos-que-estaran-disponibles-en-el-pais-3513413,General,2025-12-01 21:12:21
El Tiempo,¿Qué pasa en el Puracé? Las razones por las que el Servicio Geológico mantiene el nivel de alerta naranja de uno de los volcanes más activos del país,https://www.eltiempo.com/vida/ciencia/que-esta-pasando-en-el-purace-las-razones-por-las-que-el-servicio-geologico-aumento-el-nivel-de-alerta-del-volcan-mas-activo-del-sur-del-pais-3513405,General,2025-12-01 21:12:21
El Tiempo,Más de 211.000 personas viven hoy con VIH en Colombia: Pacientes Colombia denuncia colapso en atención y fallas en prevención,https://www.eltiempo.com/salud/mas-de-211-000-personas-viven-hoy-con-vih-en-colombia-pacientes-colombia-denuncia-colapso-en-atencion-y-fallas-en-prevencion-3513411,General,2025-12-01 21:12:21
El Tiempo,Arrancan las citas para visa en Embajada de Estados Unidos en Panamá para colombianos que quieren ir al Mundial 2026: así puede programarla,https://www.eltiempo.com/mundo/eeuu-y-canada/va-a-asistir-a-la-copa-mundial-2026-asi-podra-programar-su-cita-en-la-embajada-de-estados-unidos-en-panama-para-su-visa-b1-b2-3513398,General,2025-12-01 21:12:21
El Tiempo,"La mujer de 101 que busca a su hija desaparecida hace más de dos décadas en Becerril, Cesar: dice que morirá sin conocer la verdad",https://www.eltiempo.com/colombia/otras-ciudades/la-mujer-de-101-que-busca-a-su-hija-desaparecida-hace-mas-de-dos-decadas-en-becerril-cesar-dice-que-morira-sin-conocer-la-verdad-3512766,General,2025-12-01 21:12:21
El Tiempo,Prender velitas en un conjunto o edificio le podría ocasionar una multa de hasta 400.000 pesos: así funcionan las normas residenciales en esta fecha,https://www.eltiempo.com/cultura/gente/prender-velitas-en-un-conjunto-o-edificio-le-podria-ocasionar-una-multa-de-hasta-400-000-pesos-asi-funcionan-las-normas-residenciales-en-esta-fecha-3513408,General,2025-12-01 21:12:21
El Tiempo,"Estados Unidos se perfila para ser sede, otra vez, de la Copa América en 2028: revelan negociaciones entre Conmebol y Concacaf",https://www.eltiempo.com/deportes/futbol-internacional/estados-unidos-se-perfila-para-ser-sede-otra-vez-de-la-copa-america-en-2028-revelan-negociaciones-entre-conmebol-y-concacaf-3513406,General,2025-12-01 21:12:21
El Tiempo,Presidente Gustavo Petro le pide al servicio diplomático comunicarse con el gobierno de Ucrania para 'liberar' a combatientes colombianos,https://www.eltiempo.com/politica/gobierno/presidente-gustavo-petro-le-pide-al-servicio-diplomatico-comunicarse-con-el-gobierno-de-ucrania-para-liberar-a-combatientes-colombianos-3513404,General,2025-12-01 21:12:21
El Tiempo,"Las nuevas dinámicas del viajero de lujo: 'Hoy este segmento se enfoca más en los detalles', gerente del Sofitel Legend Santa Clara Cartagena",https://www.eltiempo.com/vida/viajar/las-nuevas-dinamicas-del-viajero-de-lujo-hoy-este-segmento-se-enfoca-mas-en-los-detalles-gerente-del-sofitel-legend-santa-clara-cartagena-3513401,General,2025-12-01 21:12:21
El Tiempo,Banco de Occidente es reconocido como el mejor lugar para trabajar en Colombia por tercer año consecutivo,https://www.eltiempo.com/economia/empresas/banco-de-occidente-es-reconocido-como-el-mejor-lugar-para-trabajar-en-colombia-por-tercer-ano-consecutivo-3513407,General,2025-12-01 21:12:21
El Tiempo,"Volcán Puracé | Familias de zona A1 de amenaza alta preguntan cómo evacuar, teniendo animales y cultivos de pancoger: Alcaldía no tendría recursos",https://www.eltiempo.com/colombia/cali/volcan-purace-familias-de-zona-a1-de-alta-amenaza-preguntan-como-evacuar-teniendo-animales-y-cultivos-de-pancoger-alcaldia-no-tendria-recursos-3513382,General,2025-12-01 21:12:21
El Tiempo,"Reducción del gasto público, entre las propuestas de los precandidatos para salir de la crisis fiscal",https://www.eltiempo.com/economia/sectores/reduccion-del-gasto-publico-entre-las-propuestas-de-los-precandidatos-para-salir-de-la-crisis-fiscal-3513397,General,2025-12-01 21:12:21
El Tiempo,Personería de Bogotá le pone la lupa a los procesos policivos para garantizar la seguridad y convivencia,https://www.eltiempo.com/bogota/personeria-de-bogota-le-pone-la-lupa-a-los-procesos-policivos-para-garantizar-la-seguridad-y-convivencia-3513393,General,2025-12-01 21:12:21
El Tiempo,Barranquilla estrena semáforo inclusivo en la calle 76 con carrera 56: serán 20 dispositivos que cuenten con esta tecnología,https://www.eltiempo.com/colombia/barranquilla/barranquilla-estrena-semaforo-inclusivo-en-la-calle-76-con-carrera-56-seran-20-dispositivos-que-cuenten-con-esta-tecnologia-3513388,General,2025-12-01 21:12:21
El Tiempo,Sanción a campaña de Gustavo Petro: Unión Patriótica renunció a términos de reposición en el CNE y acudirá a instancias internacionales,https://www.eltiempo.com/politica/sancion-a-campana-de-gustavo-petro-union-patriotica-renuncio-a-terminos-de-reposicion-por-falta-de-garantias-en-el-cne-3513395,General,2025-12-01 21:12:21
El Tiempo,La Sociedad Interamericana de Prensa calificó como una 'agresión directa' las amenazas de las disidencias de las Farc en contra de Noticias Caracol,https://www.eltiempo.com/mundo/latinoamerica/la-sociedad-interamericana-de-prensa-califico-como-una-agresion-directa-las-amenazas-de-las-disidencias-de-las-farc-en-contra-de-noticias-caracol-3513386,General,2025-12-01 21:12:21
El Tiempo,Por qué recomiendan hervir ramas de romero: los beneficios que trae para su hogar,https://www.eltiempo.com/cultura/gente/por-que-recomiendan-hervir-ramas-de-romero-los-beneficios-que-trae-para-su-hogar-3513396,General,2025-12-01 21:12:24
El Tiempo,"Jefe de las Fuerzas Armadas de Rusia afirma que Moscú tomó el control de dos ciudades en Donetsk y Járkov, importantes regiones de Ucrania",https://www.eltiempo.com/mundo/europa/jefe-de-las-fuerzas-armadas-de-rusia-afirma-que-el-kremlin-se-hizo-con-el-control-de-donetsk-y-jarkov-dos-importantes-ciudades-de-ucrania-3513394,General,2025-12-01 21:12:24
El Tiempo,Empate técnico en elecciones Honduras sella el giro definitivo a la derecha y la derrota del oficialismo,https://www.eltiempo.com/mundo/latinoamerica/empate-tecnico-en-elecciones-honduras-sella-el-giro-definitivo-a-la-derecha-y-la-derrota-del-oficialismo-3513390,General,2025-12-01 21:12:24
El Tiempo,"¿Quién es Julio Chagüi, senador mencionado durante la audiencia de imputación de los exministros Ricardo Bonilla y Luis F. Velasco por el caso UNGRD?",https://www.eltiempo.com/politica/congreso/quien-es-julio-chaguei-senador-mencionado-durante-la-audiencia-de-imputacion-de-los-exministros-ricardo-bonilla-y-luis-f-velasco-por-el-caso-ungrd-3513387,General,2025-12-01 21:12:24
El Tiempo,Joven latina compró una casa por un euro en Italia y reveló la realidad detrás de la adquisición: ‘No es tan sencillo’,https://www.eltiempo.com/cultura/gente/la-historia-de-una-cubana-que-compro-una-casa-por-1-euro-en-italia-que-tan-facil-es-hacerlo-y-que-condiciones-se-tiene-que-cumplir-3506648,General,2025-12-01 21:12:24
El Tiempo,¿Cuál es la multa por prender voladores y utilizar pólvora dentro de los conjuntos residenciales?,https://www.eltiempo.com/cultura/gente/cual-es-la-multa-por-prender-voladores-y-utilizar-polvora-dentro-de-los-conjuntos-residenciales-3513384,General,2025-12-01 21:12:24
El Tiempo,Habrá internet gratuito en sectores de Kennedy en Bogotá: estos son los detalles de la estrategia,https://www.eltiempo.com/bogota/habra-internet-gratuito-en-sectores-de-kennedy-en-bogota-estos-son-los-detalles-de-la-estrategia-3513383,General,2025-12-01 21:12:24
El Tiempo,Sobrellevar el duelo en las fechas decembrinas: acompañarlo sin juzgar y honrar a quien murió,https://www.eltiempo.com/podcast/entre-vivos-y-muertos/sobrellevar-el-duelo-en-las-fechas-decembrinas-acompanarlo-sin-juzgar-y-honrar-a-quien-murio-3513385,General,2025-12-01 21:12:24
El Tiempo,Pacto Histórico ya tiene fecha para inscribir a sus candidatos al Congreso pese a no contar todavía con personería jurídica,https://www.eltiempo.com/politica/pacto-historico-ya-tiene-fecha-para-inscribir-a-sus-candidatos-al-congreso-pese-a-no-contar-todavia-con-personeria-juridica-3513376,General,2025-12-01 21:12:24
El Tiempo,"Alertan riesgo ambiental en Medellín por volcamiento de un tractocamión que llevaba detergente líquido, el cual contaminó la quebrada La Aguacatala",https://www.eltiempo.com/colombia/medellin/alertan-riesgo-ambiental-en-medellin-por-volcamiento-de-un-tractocamion-que-transportaba-detergente-el-cual-contamino-la-quebrada-la-aguacatala-3513378,General,2025-12-01 21:12:24
El Tiempo,Lluvias en Cundinamarca podrían ir hasta mediados de diciembre: Gobernación monitorea los 116 municipios,https://www.eltiempo.com/bogota/lluvias-en-cundinamarca-podrian-ir-hasta-mediados-de-diciembre-gobernacion-monitorea-los-116-municipios-3513375,General,2025-12-01 21:12:24
El Tiempo,Un menor de 17 años que habría sido víctima de reclutamiento forzado está entre los muertos por la detonación de un artefacto explosivo en Anorí,https://www.eltiempo.com/colombia/medellin/un-menor-de-17-anos-que-habria-sido-victima-de-reclutamiento-forzado-esta-entre-los-muertos-por-la-detonacion-de-un-artefacto-explosivo-en-anori-3513345,General,2025-12-01 21:12:24
El Tiempo,La historia completa del agresor sexual que habría usado falsas ofertas de trabajo para atacar a 16 mujeres en Soacha y Ciudad Bolívar,https://www.eltiempo.com/bogota/la-historia-completa-del-agresor-sexual-que-habria-usado-falsas-ofertas-de-trabajo-para-atacar-a-16-mujeres-en-soacha-y-ciudad-bolivar-3513362,General,2025-12-01 21:12:24
El Tiempo,¿Colombia agota sus cartas en la crisis venezolana ante amenaza militar de Estados Unidos? Estas han sido las últimas movidas del Gobierno Petro,https://www.eltiempo.com/politica/gobierno/colombia-agota-sus-cartas-en-la-crisis-venezolana-ante-amenaza-militar-de-estados-unidos-estas-han-sido-las-ultimas-movidas-del-gobierno-petro-3513379,General,2025-12-01 21:12:24
El Tiempo,"'Pude hacer la película porque soy hermana de Miriam, que es sorda': Eva Libertad habla de su filme 'Sorda'",https://www.eltiempo.com/cultura/cine-y-tv/pude-hacer-la-pelicula-porque-soy-hermana-de-miriam-que-es-sorda-eva-libertad-habla-de-su-filme-sorda-3512751,General,2025-12-01 21:12:24
